{"accuracy": [0.3569551408290863, 0.5299579501152039, 0.6181674599647522, 0.6730027794837952, 0.7196040749549866, 0.7638401985168457, 0.7874036431312561, 0.8194639086723328, 0.8503854274749756, 0.8696566224098206, 0.8848983645439148, 0.9068850874900818, 0.9148563146591187, 0.9255430698394775, 0.9405220746994019, 0.9504204392433167, 0.9500700831413269, 0.9611948132514954, 0.9581289291381836, 0.9657498002052307, 0.9639979004859924, 0.9684653282165527, 0.97599858045578, 0.9703048467636108, 0.9767869710922241, 0.9775753617286682], "loss": [1.821640968322754, 1.3395037651062012, 1.1025325059890747, 0.9390835165977478, 0.8175732493400574, 0.7023409008979797, 0.6342499256134033, 0.5246571898460388, 0.4425951838493347, 0.38351383805274963, 0.3396165668964386, 0.27379685640335083, 0.25005820393562317, 0.22419191896915436, 0.17887113988399506, 0.1517755538225174, 0.1473345011472702, 0.11787738651037216, 0.1238768920302391, 0.10384777933359146, 0.10594166815280914, 0.09444684535264969, 0.07407981902360916, 0.08871695399284363, 0.07223048061132431, 0.0665043443441391], "val_accuracy": [0.4926418960094452, 0.5763840079307556, 0.6899089217185974, 0.723195493221283, 0.7456201910972595, 0.7438682317733765, 0.7799579501152039, 0.8072879910469055, 0.8114926218986511, 0.8185003399848938, 0.856692373752594, 0.8556411862373352, 0.8594954609870911, 0.8503854274749756, 0.8721092939376831, 0.877014696598053, 0.8903293609619141, 0.8777154684066772, 0.8969866633415222, 0.877014696598053, 0.8997897505760193, 0.8976874351501465, 0.9124036431312561, 0.8959355354309082, 0.905746340751648, 0.9078486561775208], "val_loss": [1.4315919876098633, 1.1781878471374512, 0.924794614315033, 0.8378263115882874, 0.7538532018661499, 0.7709856629371643, 0.6304755806922913, 0.5780059099197388, 0.5344942808151245, 0.5319074392318726, 0.43501797318458557, 0.47133567929267883, 0.47812363505363464, 0.47653764486312866, 0.4174000024795532, 0.4061669707298279, 0.38096562027931213, 0.4078444838523865, 0.34757983684539795, 0.45788487792015076, 0.33611026406288147, 0.36372965574264526, 0.3785967528820038, 0.3511457145214081, 0.31131911277770996, 0.3644924461841583]}